-- phpMyAdmin SQL Dump
-- version 4.5.4.1deb2ubuntu2
-- http://www.phpmyadmin.net
--
-- Host: localhost
-- Generation Time: Jan 24, 2018 at 12:31 AM
-- Server version: 5.7.20-0ubuntu0.16.04.1
-- PHP Version: 7.0.22-0ubuntu0.16.04.1

SET SQL_MODE = "NO_AUTO_VALUE_ON_ZERO";
SET time_zone = "+00:00";


/*!40101 SET @OLD_CHARACTER_SET_CLIENT=@@CHARACTER_SET_CLIENT */;
/*!40101 SET @OLD_CHARACTER_SET_RESULTS=@@CHARACTER_SET_RESULTS */;
/*!40101 SET @OLD_COLLATION_CONNECTION=@@COLLATION_CONNECTION */;
/*!40101 SET NAMES utf8mb4 */;

--
-- Database: `tcc`
--

-- --------------------------------------------------------

--
-- Table structure for table `admin_groups`
--
CREATE DATABASE tcc; 

use tcc;

CREATE TABLE `admin_groups` (
  `id` mediumint(8) UNSIGNED NOT NULL,
  `name` varchar(20) NOT NULL,
  `description` varchar(100) NOT NULL
) ENGINE=InnoDB DEFAULT CHARSET=utf8;

--
-- Dumping data for table `admin_groups`
--

INSERT INTO `admin_groups` (`id`, `name`, `description`) VALUES
(1, 'webmaster', 'Webmaster'),
(2, 'admin', 'Administrator'),
(3, 'manager', 'Manager'),
(4, 'staff', 'Staff');

-- --------------------------------------------------------

--
-- Table structure for table `admin_login_attempts`
--

CREATE TABLE `admin_login_attempts` (
  `id` int(11) UNSIGNED NOT NULL,
  `ip_address` varchar(15) NOT NULL,
  `login` varchar(100) NOT NULL,
  `time` int(11) UNSIGNED DEFAULT NULL
) ENGINE=InnoDB DEFAULT CHARSET=utf8;

-- --------------------------------------------------------

--
-- Table structure for table `admin_users`
--

CREATE TABLE `admin_users` (
  `id` int(11) UNSIGNED NOT NULL,
  `ip_address` varchar(15) NOT NULL,
  `username` varchar(100) DEFAULT NULL,
  `password` varchar(255) NOT NULL,
  `salt` varchar(255) DEFAULT NULL,
  `email` varchar(100) DEFAULT NULL,
  `activation_code` varchar(40) DEFAULT NULL,
  `forgotten_password_code` varchar(40) DEFAULT NULL,
  `forgotten_password_time` int(11) UNSIGNED DEFAULT NULL,
  `remember_code` varchar(40) DEFAULT NULL,
  `created_on` int(11) UNSIGNED NOT NULL,
  `last_login` int(11) UNSIGNED DEFAULT NULL,
  `active` tinyint(1) UNSIGNED DEFAULT NULL,
  `first_name` varchar(50) DEFAULT NULL,
  `last_name` varchar(50) DEFAULT NULL
) ENGINE=InnoDB DEFAULT CHARSET=utf8;

--
-- Dumping data for table `admin_users`
--

INSERT INTO `admin_users` (`id`, `ip_address`, `username`, `password`, `salt`, `email`, `activation_code`, `forgotten_password_code`, `forgotten_password_time`, `remember_code`, `created_on`, `last_login`, `active`, `first_name`, `last_name`) VALUES
(1, '127.0.0.1', 'webmaster', '$2y$08$/X5gzWjesYi78GqeAv5tA.dVGBVP7C1e1PzqnYCVe5s1qhlDIPPES', NULL, NULL, NULL, NULL, NULL, NULL, 1451900190, 1516723018, 1, 'Webmaster', ''),
(2, '127.0.0.1', 'admin', '$2y$08$7Bkco6JXtC3Hu6g9ngLZDuHsFLvT7cyAxiz1FzxlX5vwccvRT7nKW', NULL, NULL, NULL, NULL, NULL, NULL, 1451900228, 1465833536, 1, 'Admin', ''),
(3, '127.0.0.1', 'manager', '$2y$08$snzIJdFXvg/rSHe0SndIAuvZyjktkjUxBXkrrGdkPy1K6r5r/dMLa', NULL, NULL, NULL, NULL, NULL, NULL, 1451900430, 1465489585, 1, 'Manager', ''),
(4, '127.0.0.1', 'staff', '$2y$08$NigAXjN23CRKllqe3KmjYuWXD5iSRPY812SijlhGeKfkrMKde9da6', NULL, NULL, NULL, NULL, NULL, NULL, 1451900439, 1465489590, 1, 'Staff', '');

-- --------------------------------------------------------

--
-- Table structure for table `admin_users_groups`
--

CREATE TABLE `admin_users_groups` (
  `id` int(11) UNSIGNED NOT NULL,
  `user_id` int(11) UNSIGNED NOT NULL,
  `group_id` mediumint(8) UNSIGNED NOT NULL
) ENGINE=InnoDB DEFAULT CHARSET=utf8;

--
-- Dumping data for table `admin_users_groups`
--

INSERT INTO `admin_users_groups` (`id`, `user_id`, `group_id`) VALUES
(1, 1, 1),
(2, 2, 2),
(3, 3, 3),
(4, 4, 4);

-- --------------------------------------------------------

--
-- Table structure for table `api_access`
--

CREATE TABLE `api_access` (
  `id` int(11) UNSIGNED NOT NULL,
  `key` varchar(40) NOT NULL DEFAULT '',
  `controller` varchar(50) NOT NULL DEFAULT '',
  `date_created` datetime DEFAULT NULL,
  `date_modified` timestamp NOT NULL DEFAULT CURRENT_TIMESTAMP ON UPDATE CURRENT_TIMESTAMP
) ENGINE=InnoDB DEFAULT CHARSET=utf8;

-- --------------------------------------------------------

--
-- Table structure for table `api_keys`
--

CREATE TABLE `api_keys` (
  `id` int(11) NOT NULL,
  `user_id` int(11) NOT NULL,
  `key` varchar(40) NOT NULL,
  `level` int(2) NOT NULL,
  `ignore_limits` tinyint(1) NOT NULL DEFAULT '0',
  `is_private_key` tinyint(1) NOT NULL DEFAULT '0',
  `ip_addresses` text,
  `date_created` int(11) NOT NULL
) ENGINE=InnoDB DEFAULT CHARSET=utf8;

--
-- Dumping data for table `api_keys`
--

INSERT INTO `api_keys` (`id`, `user_id`, `key`, `level`, `ignore_limits`, `is_private_key`, `ip_addresses`, `date_created`) VALUES
(1, 0, 'anonymous', 1, 1, 0, NULL, 1463388382);

-- --------------------------------------------------------

--
-- Table structure for table `api_limits`
--

CREATE TABLE `api_limits` (
  `id` int(11) NOT NULL,
  `uri` varchar(255) NOT NULL,
  `count` int(10) NOT NULL,
  `hour_started` int(11) NOT NULL,
  `api_key` varchar(40) NOT NULL
) ENGINE=InnoDB DEFAULT CHARSET=utf8;

-- --------------------------------------------------------

--
-- Table structure for table `api_logs`
--

CREATE TABLE `api_logs` (
  `id` int(11) NOT NULL,
  `uri` varchar(255) NOT NULL,
  `method` varchar(6) NOT NULL,
  `params` text,
  `api_key` varchar(40) NOT NULL,
  `ip_address` varchar(45) NOT NULL,
  `time` int(11) NOT NULL,
  `rtime` float DEFAULT NULL,
  `authorized` varchar(1) NOT NULL,
  `response_code` smallint(3) DEFAULT '0'
) ENGINE=InnoDB DEFAULT CHARSET=utf8;

-- --------------------------------------------------------

--
-- Table structure for table `blog_categories`
--

CREATE TABLE `blog_categories` (
  `id` int(11) NOT NULL,
  `pos` int(11) NOT NULL DEFAULT '0',
  `title` varchar(100) COLLATE utf8_unicode_ci NOT NULL
) ENGINE=InnoDB DEFAULT CHARSET=utf8 COLLATE=utf8_unicode_ci;

--
-- Dumping data for table `blog_categories`
--

INSERT INTO `blog_categories` (`id`, `pos`, `title`) VALUES
(1, 1, 'Category 1'),
(2, 2, 'Category 2'),
(3, 3, 'Category 3');

-- --------------------------------------------------------

--
-- Table structure for table `blog_posts`
--

CREATE TABLE `blog_posts` (
  `id` int(11) NOT NULL,
  `category_id` int(11) NOT NULL DEFAULT '1',
  `author_id` int(11) NOT NULL,
  `title` varchar(300) COLLATE utf8_unicode_ci NOT NULL,
  `image_url` varchar(300) COLLATE utf8_unicode_ci NOT NULL,
  `content_brief` text COLLATE utf8_unicode_ci NOT NULL,
  `content` text COLLATE utf8_unicode_ci NOT NULL,
  `publish_time` timestamp NOT NULL DEFAULT CURRENT_TIMESTAMP,
  `status` enum('draft','active','hidden') COLLATE utf8_unicode_ci NOT NULL DEFAULT 'draft'
) ENGINE=InnoDB DEFAULT CHARSET=utf8 COLLATE=utf8_unicode_ci;

--
-- Dumping data for table `blog_posts`
--

INSERT INTO `blog_posts` (`id`, `category_id`, `author_id`, `title`, `image_url`, `content_brief`, `content`, `publish_time`, `status`) VALUES
(1, 1, 2, 'Blog Post 1', '', '<p>\r\n Blog Post 1 Content Brief</p>\r\n', '<p>\r\n  Blog Post 1 Content</p>\r\n', '2015-09-25 17:00:00', 'active');

-- --------------------------------------------------------

--
-- Table structure for table `blog_posts_tags`
--

CREATE TABLE `blog_posts_tags` (
  `id` int(11) NOT NULL,
  `post_id` int(11) NOT NULL,
  `tag_id` int(11) NOT NULL
) ENGINE=InnoDB DEFAULT CHARSET=utf8 COLLATE=utf8_unicode_ci;

--
-- Dumping data for table `blog_posts_tags`
--

INSERT INTO `blog_posts_tags` (`id`, `post_id`, `tag_id`) VALUES
(1, 1, 2),
(2, 1, 1),
(3, 1, 3);

-- --------------------------------------------------------

--
-- Table structure for table `blog_tags`
--

CREATE TABLE `blog_tags` (
  `id` int(11) NOT NULL,
  `title` varchar(100) COLLATE utf8_unicode_ci NOT NULL
) ENGINE=InnoDB DEFAULT CHARSET=utf8 COLLATE=utf8_unicode_ci;

--
-- Dumping data for table `blog_tags`
--

INSERT INTO `blog_tags` (`id`, `title`) VALUES
(1, 'Tag 1'),
(2, 'Tag 2'),
(3, 'Tag 3');

-- --------------------------------------------------------

--
-- Table structure for table `cover_photos`
--

CREATE TABLE `cover_photos` (
  `id` int(11) NOT NULL,
  `pos` int(11) NOT NULL DEFAULT '0',
  `image_url` varchar(300) COLLATE utf8_unicode_ci NOT NULL,
  `status` enum('active','hidden') COLLATE utf8_unicode_ci NOT NULL DEFAULT 'active'
) ENGINE=InnoDB DEFAULT CHARSET=utf8 COLLATE=utf8_unicode_ci;

--
-- Dumping data for table `cover_photos`
--

INSERT INTO `cover_photos` (`id`, `pos`, `image_url`, `status`) VALUES
(1, 2, '45296-2.jpg', 'active'),
(2, 1, '2934f-1.jpg', 'active'),
(3, 3, '3717d-3.jpg', 'active');

-- --------------------------------------------------------

--
-- Table structure for table `groups`
--

CREATE TABLE `groups` (
  `id` mediumint(8) UNSIGNED NOT NULL,
  `name` varchar(20) NOT NULL,
  `description` varchar(100) NOT NULL
) ENGINE=InnoDB DEFAULT CHARSET=utf8;

--
-- Dumping data for table `groups`
--

INSERT INTO `groups` (`id`, `name`, `description`) VALUES
(1, 'members', 'General User');

-- --------------------------------------------------------

--
-- Table structure for table `login_attempts`
--

CREATE TABLE `login_attempts` (
  `id` int(11) UNSIGNED NOT NULL,
  `ip_address` varchar(15) NOT NULL,
  `login` varchar(100) NOT NULL,
  `time` int(11) UNSIGNED DEFAULT NULL
) ENGINE=InnoDB DEFAULT CHARSET=utf8;

-- --------------------------------------------------------

--
-- Table structure for table `users`
--

CREATE TABLE `users` (
  `id` int(11) UNSIGNED NOT NULL,
  `ip_address` varchar(15) NOT NULL,
  `username` varchar(100) DEFAULT NULL,
  `password` varchar(255) NOT NULL,
  `salt` varchar(255) DEFAULT NULL,
  `email` varchar(100) NOT NULL,
  `activation_code` varchar(40) DEFAULT NULL,
  `forgotten_password_code` varchar(40) DEFAULT NULL,
  `forgotten_password_time` int(11) UNSIGNED DEFAULT NULL,
  `remember_code` varchar(40) DEFAULT NULL,
  `created_on` int(11) UNSIGNED NOT NULL,
  `last_login` int(11) UNSIGNED DEFAULT NULL,
  `active` tinyint(1) UNSIGNED DEFAULT NULL,
  `first_name` varchar(50) DEFAULT NULL,
  `last_name` varchar(50) DEFAULT NULL,
  `company` varchar(100) DEFAULT NULL,
  `phone` varchar(20) DEFAULT NULL,
  `about` text
) ENGINE=InnoDB DEFAULT CHARSET=utf8;

--
-- Dumping data for table `users`
--

INSERT INTO `users` (`id`, `ip_address`, `username`, `password`, `salt`, `email`, `activation_code`, `forgotten_password_code`, `forgotten_password_time`, `remember_code`, `created_on`, `last_login`, `active`, `first_name`, `last_name`, `company`, `phone`, `about`) VALUES
(1, '127.0.0.1', 'member', '$2y$08$kkqUE2hrqAJtg.pPnAhvL.1iE7LIujK5LZ61arONLpaBBWh/ek61G', NULL, 'member@member.com', NULL, NULL, NULL, NULL, 1451903855, 1451905011, 1, 'Member', 'One', NULL, NULL, NULL);

-- --------------------------------------------------------

--
-- Table structure for table `users_groups`
--

CREATE TABLE `users_groups` (
  `id` int(11) UNSIGNED NOT NULL,
  `user_id` int(11) UNSIGNED NOT NULL,
  `group_id` mediumint(8) UNSIGNED NOT NULL
) ENGINE=InnoDB DEFAULT CHARSET=utf8;

--
-- Dumping data for table `users_groups`
--

INSERT INTO `users_groups` (`id`, `user_id`, `group_id`) VALUES
(1, 1, 1);

--
-- Indexes for dumped tables
--

--
-- Indexes for table `admin_groups`
--
ALTER TABLE `admin_groups`
  ADD PRIMARY KEY (`id`);

--
-- Indexes for table `admin_login_attempts`
--
ALTER TABLE `admin_login_attempts`
  ADD PRIMARY KEY (`id`);

--
-- Indexes for table `admin_users`
--
ALTER TABLE `admin_users`
  ADD PRIMARY KEY (`id`);

--
-- Indexes for table `admin_users_groups`
--
ALTER TABLE `admin_users_groups`
  ADD PRIMARY KEY (`id`);

--
-- Indexes for table `api_access`
--
ALTER TABLE `api_access`
  ADD PRIMARY KEY (`id`);

--
-- Indexes for table `api_keys`
--
ALTER TABLE `api_keys`
  ADD PRIMARY KEY (`id`);

--
-- Indexes for table `api_limits`
--
ALTER TABLE `api_limits`
  ADD PRIMARY KEY (`id`);

--
-- Indexes for table `api_logs`
--
ALTER TABLE `api_logs`
  ADD PRIMARY KEY (`id`);

--
-- Indexes for table `blog_categories`
--
ALTER TABLE `blog_categories`
  ADD PRIMARY KEY (`id`);

--
-- Indexes for table `blog_posts`
--
ALTER TABLE `blog_posts`
  ADD PRIMARY KEY (`id`);

--
-- Indexes for table `blog_posts_tags`
--
ALTER TABLE `blog_posts_tags`
  ADD PRIMARY KEY (`id`);

--
-- Indexes for table `blog_tags`
--
ALTER TABLE `blog_tags`
  ADD PRIMARY KEY (`id`);

--
-- Indexes for table `cover_photos`
--
ALTER TABLE `cover_photos`
  ADD PRIMARY KEY (`id`);

--
-- Indexes for table `groups`
--
ALTER TABLE `groups`
  ADD PRIMARY KEY (`id`);

--
-- Indexes for table `login_attempts`
--
ALTER TABLE `login_attempts`
  ADD PRIMARY KEY (`id`);

--
-- Indexes for table `users`
--
ALTER TABLE `users`
  ADD PRIMARY KEY (`id`);

--
-- Indexes for table `users_groups`
--
ALTER TABLE `users_groups`
  ADD PRIMARY KEY (`id`);

--
-- AUTO_INCREMENT for dumped tables
--

--
-- AUTO_INCREMENT for table `admin_groups`
--
ALTER TABLE `admin_groups`
  MODIFY `id` mediumint(8) UNSIGNED NOT NULL AUTO_INCREMENT, AUTO_INCREMENT=5;
--
-- AUTO_INCREMENT for table `admin_login_attempts`
--
ALTER TABLE `admin_login_attempts`
  MODIFY `id` int(11) UNSIGNED NOT NULL AUTO_INCREMENT;
--
-- AUTO_INCREMENT for table `admin_users`
--
ALTER TABLE `admin_users`
  MODIFY `id` int(11) UNSIGNED NOT NULL AUTO_INCREMENT, AUTO_INCREMENT=5;
--
-- AUTO_INCREMENT for table `admin_users_groups`
--
ALTER TABLE `admin_users_groups`
  MODIFY `id` int(11) UNSIGNED NOT NULL AUTO_INCREMENT, AUTO_INCREMENT=5;
--
-- AUTO_INCREMENT for table `api_access`
--
ALTER TABLE `api_access`
  MODIFY `id` int(11) UNSIGNED NOT NULL AUTO_INCREMENT;
--
-- AUTO_INCREMENT for table `api_keys`
--
ALTER TABLE `api_keys`
  MODIFY `id` int(11) NOT NULL AUTO_INCREMENT, AUTO_INCREMENT=2;
--
-- AUTO_INCREMENT for table `api_limits`
--
ALTER TABLE `api_limits`
  MODIFY `id` int(11) NOT NULL AUTO_INCREMENT;
--
-- AUTO_INCREMENT for table `api_logs`
--
ALTER TABLE `api_logs`
  MODIFY `id` int(11) NOT NULL AUTO_INCREMENT;
--
-- AUTO_INCREMENT for table `blog_categories`
--
ALTER TABLE `blog_categories`
  MODIFY `id` int(11) NOT NULL AUTO_INCREMENT, AUTO_INCREMENT=4;
--
-- AUTO_INCREMENT for table `blog_posts`
--
ALTER TABLE `blog_posts`
  MODIFY `id` int(11) NOT NULL AUTO_INCREMENT, AUTO_INCREMENT=2;
--
-- AUTO_INCREMENT for table `blog_posts_tags`
--
ALTER TABLE `blog_posts_tags`
  MODIFY `id` int(11) NOT NULL AUTO_INCREMENT, AUTO_INCREMENT=4;
--
-- AUTO_INCREMENT for table `blog_tags`
--
ALTER TABLE `blog_tags`
  MODIFY `id` int(11) NOT NULL AUTO_INCREMENT, AUTO_INCREMENT=4;
--
-- AUTO_INCREMENT for table `cover_photos`
--
ALTER TABLE `cover_photos`
  MODIFY `id` int(11) NOT NULL AUTO_INCREMENT, AUTO_INCREMENT=4;
--
-- AUTO_INCREMENT for table `groups`
--
ALTER TABLE `groups`
  MODIFY `id` mediumint(8) UNSIGNED NOT NULL AUTO_INCREMENT, AUTO_INCREMENT=2;
--
-- AUTO_INCREMENT for table `login_attempts`
--
ALTER TABLE `login_attempts`
  MODIFY `id` int(11) UNSIGNED NOT NULL AUTO_INCREMENT;
--
-- AUTO_INCREMENT for table `users`
--
ALTER TABLE `users`
  MODIFY `id` int(11) UNSIGNED NOT NULL AUTO_INCREMENT, AUTO_INCREMENT=2;
--
-- AUTO_INCREMENT for table `users_groups`
--
ALTER TABLE `users_groups`
  MODIFY `id` int(11) UNSIGNED NOT NULL AUTO_INCREMENT, AUTO_INCREMENT=2;
/*!40101 SET CHARACTER_SET_CLIENT=@OLD_CHARACTER_SET_CLIENT */;
/*!40101 SET CHARACTER_SET_RESULTS=@OLD_CHARACTER_SET_RESULTS */;
/*!40101 SET COLLATION_CONNECTION=@OLD_COLLATION_CONNECTION */;